parcel_number,account_id,owner,situs_address,taxes_due,interest_due,penalty_due,total_due,assessed_value,tax_rate,status
APC-101,0511877,BEEHIVE HOSPITALITY ASCENT PC LLC,4080 N COOPER LN #101,"1,677.58",37.21,41.94,"1,756.73","298,928",0.0056120000,OK
APC-102,0511884,BEEHIVE HOSPITALITY ASCENT PC LLC,4080 N COOPER LN #102,"1,177.33",26.12,29.43,"1,232.88","209,788",0.0056120000,OK
APC-103,0511891,BEEHIVE HOSPITALITY ASCENT PC LLC,4080 N COOPER LN #103,"1,677.58",37.21,41.94,"1,756.73","298,928",0.0056120000,OK
APC-104,0511909,BEEHIVE HOSPITALITY ASCENT PC LLC,4080 N COOPER LN #104,"1,386.36",30.75,34.66,"1,451.77","247,035",0.0056120000,OK
APC-105,0511916,BEEHIVE HOSPITALITY ASCENT PC LLC,4080 N COOPER LN #105,"1,177.33",26.12,29.43,"1,232.88","209,788",0.0056120000,OK
APC-106,0511923,BEEHIVE HOSPITALITY ASCENT PC LLC,4080 N COOPER LN #106,"1,386.36",30.75,34.66,"1,451.77","247,035",0.0056120000,OK
APC-107,0511930,BEEHIVE HOSPITALITY ASCENT PC LLC,4080 N COOPER LN #107,"1,386.36",30.75,34.66,"1,451.77","247,035",0.0056120000,OK
APC-108,0511947,BEEHIVE HOSPITALITY ASCENT PC LLC,4080 N COOPER LN #108,"1,386.36",30.75,34.66,"1,451.77","247,035",0.0056120000,OK
APC-109,0511954,BEEHIVE HOSPITALITY ASCENT PC LLC,4080 N COOPER LN #109,"1,386.36",30.75,34.66,"1,451.77","247,035",0.0056120000,OK
APC-110,0511961,BEEHIVE HOSPITALITY ASCENT PC LLC,4080 N COOPER LN #110,"1,386.36",30.75,34.66,"1,451.77","247,035",0.0056120000,OK
APC-111,0511978,BEEHIVE HOSPITALITY ASCENT PC LLC,4080 N COOPER LN #111,"1,078.96",23.93,26.97,"1,129.86","192,260",0.0056120000,OK
APC-112,0511985,BEEHIVE HOSPITALITY ASCENT PC LLC,4080 N COOPER LN #112,"1,677.58",37.21,41.94,"1,756.73","298,928",0.0056120000,OK
APC-113,0511992,BEEHIVE HOSPITALITY ASCENT PC LLC,4080 N COOPER LN #113,"1,078.96",23.93,26.97,"1,129.86","192,260",0.0056120000,OK
APC-114,0512003,BEEHIVE HOSPITALITY ASCENT PC LLC,4080 N COOPER LN #114,"1,177.33",26.12,29.43,"1,232.88","209,788",0.0056120000,OK
APC-116,0512010,BEEHIVE HOSPITALITY ASCENT PC LLC,4080 N COOPER LN #116,"1,386.36",30.75,34.66,"1,451.77","247,035",0.0056120000,OK
APC-118,0512027,BEEHIVE HOSPITALITY ASCENT PC LLC,4080 N COOPER LN #118,"1,386.36",30.75,34.66,"1,451.77","247,035",0.0056120000,OK
APC-120,0512034,BEEHIVE HOSPITALITY ASCENT PC LLC,4080 N COOPER LN #120,"1,386.36",30.75,34.66,"1,451.77","247,035",0.0056120000,OK
APC-122,0512041,BEEHIVE HOSPITALITY ASCENT PC LLC,4080 N COOPER LN #122,"1,386.36",30.75,34.66,"1,451.77","247,035",0.0056120000,OK
APC-124,0512058,BEEHIVE HOSPITALITY ASCENT PC LLC,4080 N COOPER LN #124,"1,386.36",30.75,34.66,"1,451.77","247,035",0.0056120000,OK
APC-126,0512065,BEEHIVE HOSPITALITY ASCENT PC LLC,4080 N COOPER LN #126,"1,386.36",30.75,34.66,"1,451.77","247,035",0.0056120000,OK
APC-139,0512072,BEEHIVE HOSPITALITY ASCENT PC LLC,4080 N COOPER LN #139,"1,677.58",37.21,41.94,"1,756.73","298,928",0.0056120000,OK
APC-141,0512089,BEEHIVE HOSPITALITY ASCENT PC LLC,4080 N COOPER LN #141,"1,177.33",26.12,29.43,"1,232.88","209,788",0.0056120000,OK
APC-143,0512096,BEEHIVE HOSPITALITY ASCENT PC LLC,4080 N COOPER LN #143,"1,386.36",30.75,34.66,"1,451.77","247,035",0.0056120000,OK
APC-144,0512104,BEEHIVE HOSPITALITY ASCENT PC LLC,4080 N COOPER LN #144,"1,078.96",23.93,26.97,"1,129.86","192,260",0.0056120000,OK
APC-145,0512111,BEEHIVE HOSPITALITY ASCENT PC LLC,4080 N COOPER LN #145,"1,386.36",30.75,34.66,"1,451.77","247,035",0.0056120000,OK
APC-146,0512128,BEEHIVE HOSPITALITY ASCENT PC LLC,4080 N COOPER LN #146,"1,078.96",23.93,26.97,"1,129.86","192,260",0.0056120000,OK
APC-147,0512135,BEEHIVE HOSPITALITY ASCENT PC LLC,4080 N COOPER LN #147,"1,386.36",30.75,34.66,"1,451.77","247,035",0.0056120000,OK
APC-148,0512142,BEEHIVE HOSPITALITY ASCENT PC LLC,4080 N COOPER LN #148,"1,386.36",30.75,34.66,"1,451.77","247,035",0.0056120000,OK
APC-149,0512159,BEEHIVE HOSPITALITY ASCENT PC LLC,4080 N COOPER LN #149,"1,386.36",30.75,34.66,"1,451.77","247,035",0.0056120000,OK
APC-150,0512166,BEEHIVE HOSPITALITY ASCENT PC LLC,4080 N COOPER LN #150,"1,386.36",30.75,34.66,"1,451.77","247,035",0.0056120000,OK
APC-151,0512173,BEEHIVE HOSPITALITY ASCENT PC LLC,4080 N COOPER LN #151,"1,386.36",30.75,34.66,"1,451.77","247,035",0.0056120000,OK
APC-152,0512180,BEEHIVE HOSPITALITY ASCENT PC LLC,4080 N COOPER LN #152,"1,177.33",26.12,29.43,"1,232.88","209,788",0.0056120000,OK
APC-153,0512197,BEEHIVE HOSPITALITY ASCENT PC LLC,4080 N COOPER LN #153,"1,386.36",30.75,34.66,"1,451.77","247,035",0.0056120000,OK
APC-154,0512205,BEEHIVE HOSPITALITY ASCENT PC LLC,4080 N COOPER LN #154,"1,677.58",37.21,41.94,"1,756.73","298,928",0.0056120000,OK
APC-155,0512212,BEEHIVE HOSPITALITY ASCENT PC LLC,4080 N COOPER LN #155,"1,177.33",26.12,29.43,"1,232.88","209,788",0.0056120000,OK
APC-156,0512229,BEEHIVE HOSPITALITY ASCENT PC LLC,4080 N COOPER LN #156,"1,677.58",37.21,41.94,"1,756.73","298,928",0.0056120000,OK
APC-201,0512236,BEEHIVE HOSPITALITY ASCENT PC LLC,4080 N COOPER LN #201,"1,677.58",37.21,41.94,"1,756.73","298,928",0.0056120000,OK
APC-202,0512243,BEEHIVE HOSPITALITY ASCENT PC LLC,4080 S COOPER LN #202,"1,177.33",26.12,29.43,"1,232.88","209,788",0.0056120000,OK
APC-203,0512250,BEEHIVE HOSPITALITY ASCENT PC LLC,4080 N COOPER LN #203,"1,677.58",37.21,41.94,"1,756.73","298,928",0.0056120000,OK
APC-204,0512267,BEEHIVE HOSPITALITY ASCENT PC LLC,4080 N COOPER LN #204,"1,386.36",30.75,34.66,"1,451.77","247,035",0.0056120000,OK
APC-205,0512274,BEEHIVE HOSPITALITY ASCENT PC LLC,4080 N COOPER LN #205,"1,177.33",26.12,29.43,"1,232.88","209,788",0.0056120000,OK
APC-206,0512281,BEEHIVE HOSPITALITY ASCENT PC LLC,4080 N COOPER LN #206,"1,386.36",30.75,34.66,"1,451.77","247,035",0.0056120000,OK
APC-207,0512298,BEEHIVE HOSPITALITY ASCENT PC LLC,4080 N COOPER LN #207,"1,386.36",30.75,34.66,"1,451.77","247,035",0.0056120000,OK
APC-208,0512306,BEEHIVE HOSPITALITY ASCENT PC LLC,4080 N COOPER LN #208,"1,386.36",30.75,34.66,"1,451.77","247,035",0.0056120000,OK
APC-209,0512313,BEEHIVE HOSPITALITY ASCENT PC LLC,4080 N COOPER LN #209,"1,386.36",30.75,34.66,"1,451.77","247,035",0.0056120000,OK
APC-210,0512320,BEEHIVE HOSPITALITY ASCENT PC LLC,4080 N COOPER LN #210,"1,386.36",30.75,34.66,"1,451.77","247,035",0.0056120000,OK
APC-211,0512337,BEEHIVE HOSPITALITY ASCENT PC LLC,4080 N COOPER LN #211,"1,677.58",37.21,41.94,"1,756.73","298,928",0.0056120000,OK
APC-212,0512344,BEEHIVE HOSPITALITY ASCENT PC LLC,4080 N COOPER LN #212,"1,677.58",37.21,41.94,"1,756.73","298,928",0.0056120000,OK
APC-213,0512351,BEEHIVE HOSPITALITY ASCENT PC LLC,4080 N COOPER LN #213,"1,078.96",23.93,26.97,"1,129.86","192,260",0.0056120000,OK
APC-214,0512368,BEEHIVE HOSPITALITY ASCENT PC LLC,4080 N COOPER LN #214,"1,177.33",26.12,29.43,"1,232.88","209,788",0.0056120000,OK
APC-216,0512375,BEEHIVE HOSPITALITY ASCENT PC LLC,4080 N COOPER LN #216,"1,386.36",30.75,34.66,"1,451.77","247,035",0.0056120000,OK
APC-218,0512382,BEEHIVE HOSPITALITY ASCENT PC LLC,4080 N COOPER LN #218,"1,386.36",30.75,34.66,"1,451.77","247,035",0.0056120000,OK
APC-220,0512399,BEEHIVE HOSPITALITY ASCENT PC LLC,4080 N COOPER LN #220,"1,386.36",30.75,34.66,"1,451.77","247,035",0.0056120000,OK
APC-222,0512407,BEEHIVE HOSPITALITY ASCENT PC LLC,4080 N COOPER LN #222,"1,386.36",30.75,34.66,"1,451.77","247,035",0.0056120000,OK
APC-224,0512414,BEEHIVE HOSPITALITY ASCENT PC LLC,4080 N COOPER LN #224,"1,386.36",30.75,34.66,"1,451.77","247,035",0.0056120000,OK
APC-226,0512421,BEEHIVE HOSPITALITY ASCENT PC LLC,4080 N COOPER LN #226,"1,386.36",30.75,34.66,"1,451.77","247,035",0.0056120000,OK
APC-228,0512438,BEEHIVE HOSPITALITY ASCENT PC LLC,4080 N COOPER LN #228,"1,386.36",30.75,34.66,"1,451.77","247,035",0.0056120000,OK
APC-230,0512445,BEEHIVE HOSPITALITY ASCENT PC LLC,4080 N COOPER LN #230,"1,386.36",30.75,34.66,"1,451.77","247,035",0.0056120000,OK
APC-232,0512452,BEEHIVE HOSPITALITY ASCENT PC LLC,4080 N COOPER LN #232,"1,078.96",23.93,26.97,"1,129.86","192,260",0.0056120000,OK
APC-234,0512469,BEEHIVE HOSPITALITY ASCENT PC LLC,4080 N COOPER LN #234,"1,078.96",23.93,26.97,"1,129.86","192,260",0.0056120000,OK
APC-235,0512476,BEEHIVE HOSPITALITY ASCENT PC LLC,4080 N COOPER LN #235,"1,078.96",23.93,26.97,"1,129.86","192,260",0.0056120000,OK
APC-237,0512483,BEEHIVE HOSPITALITY ASCENT PC LLC,4080 N COOPER LN #237,"1,078.96",23.93,26.97,"1,129.86","192,260",0.0056120000,OK
APC-239,0512490,BEEHIVE HOSPITALITY ASCENT PC LLC,4080 N COOPER LN #239,"1,677.58",37.21,41.94,"1,756.73","298,928",0.0056120000,OK
APC-241,0512508,BEEHIVE HOSPITALITY ASCENT PC LLC,4080 N COOPER LN #241,"1,677.58",37.21,41.94,"1,756.73","298,928",0.0056120000,OK
APC-243,0512515,BEEHIVE HOSPITALITY ASCENT PC LLC,4080 N COOPER LN #243,"1,386.36",30.75,34.66,"1,451.77","247,035",0.0056120000,OK
APC-244,0512522,BEEHIVE HOSPITALITY ASCENT PC LLC,4080 N COOPER LN #244,"1,078.96",23.93,26.97,"1,129.86","192,260",0.0056120000,OK
APC-245,0512539,BEEHIVE HOSPITALITY ASCENT PC LLC,4080 N COOPER LN #245,"1,386.36",30.75,34.66,"1,451.77","247,035",0.0056120000,OK
APC-246,0512546,BEEHIVE HOSPITALITY ASCENT PC LLC,4080 N COOPER LN #246,"1,078.96",23.93,26.97,"1,129.86","192,260",0.0056120000,OK
APC-247,0512553,BEEHIVE HOSPITALITY ASCENT PC LLC,4080 N COOPER LN #247,"1,386.36",30.75,34.66,"1,451.77","247,035",0.0056120000,OK
APC-248,0512560,BEEHIVE HOSPITALITY ASCENT PC LLC,4080 N COOPER LN #248,"1,386.36",30.75,34.66,"1,451.77","247,035",0.0056120000,OK
APC-249,0512577,BEEHIVE HOSPITALITY ASCENT PC LLC,4080 N COOPER LN #249,"1,386.36",30.75,34.66,"1,451.77","247,035",0.0056120000,OK
APC-250,0512584,BEEHIVE HOSPITALITY ASCENT PC LLC,4080 N COOPER LN #250,"1,386.36",30.75,34.66,"1,451.77","247,035",0.0056120000,OK
APC-251,0512591,BEEHIVE HOSPITALITY ASCENT PC LLC,4080 N COOPER LN #251,"1,386.36",30.75,34.66,"1,451.77","247,035",0.0056120000,OK
APC-252,0512609,BEEHIVE HOSPITALITY ASCENT PC LLC,4080 N COOPER LN #252,"1,177.33",26.12,29.43,"1,232.88","209,788",0.0056120000,OK
APC-253,0512616,BEEHIVE HOSPITALITY ASCENT PC LLC,4080 N COOPER LN #253,"1,386.36",30.75,34.66,"1,451.77","247,035",0.0056120000,OK
APC-254,0512623,BEEHIVE HOSPITALITY ASCENT PC LLC,4080 N COOPER LN #254,"1,677.58",37.21,41.94,"1,756.73","298,928",0.0056120000,OK
APC-255,0512630,BEEHIVE HOSPITALITY ASCENT PC LLC,4080 N COOPER LN #255,"1,177.33",26.12,29.43,"1,232.88","209,788",0.0056120000,OK
APC-256,0512647,BEEHIVE HOSPITALITY ASCENT PC LLC,4080 N COOPER LN #256,"1,677.58",37.21,41.94,"1,756.73","298,928",0.0056120000,OK
APC-301,0512654,BEEHIVE HOSPITALITY ASCENT PC LLC,4080 N COOPER LN #301,"1,677.58",37.21,41.94,"1,756.73","298,928",0.0056120000,OK
APC-302,0512661,BEEHIVE HOSPITALITY ASCENT PC LLC,4080 N COOPER LN #302,"1,872.87",114.64,46.82,"2,034.33","209,788",0.0056120000,OK
APC-303,0512678,BEEHIVE HOSPITALITY ASCENT PC LLC,4080 N COOPER LN #303,"1,677.58",37.21,41.94,"1,756.73","298,928",0.0056120000,OK
APC-304,0512685,BEEHIVE HOSPITALITY ASCENT PC LLC,4080 S COOPER LN #304,"1,386.36",30.75,34.66,"1,451.77","247,035",0.0056120000,OK
APC-305,0512692,BEEHIVE HOSPITALITY ASCENT PC LLC,4080 N COOPER LN #305,"1,177.33",26.12,29.43,"1,232.88","209,788",0.0056120000,OK
APC-306,0512700,BEEHIVE HOSPITALITY ASCENT PC LLC,4080 N COOPER LN #306,"1,386.36",30.75,34.66,"1,451.77","247,035",0.0056120000,OK
APC-307,0512717,BEEHIVE HOSPITALITY ASCENT PC LLC,4080 N COOPER LN #307,"1,386.36",30.75,34.66,"1,451.77","247,035",0.0056120000,OK
APC-308,0512724,BEEHIVE HOSPITALITY ASCENT PC LLC,4080 N COOPER LN #308,"1,386.36",30.75,34.66,"1,451.77","247,035",0.0056120000,OK
APC-309,0512731,BEEHIVE HOSPITALITY ASCENT PC LLC,4080 N COOPER LN #309,"1,386.36",30.75,34.66,"1,451.77","247,035",0.0056120000,OK
APC-310,0512748,BEEHIVE HOSPITALITY ASCENT PC LLC,4080 N COOPER LN #310,"1,386.36",30.75,34.66,"1,451.77","247,035",0.0056120000,OK
APC-311,0512755,BEEHIVE HOSPITALITY ASCENT PC LLC,4080 N COOPER LN #311,"1,078.96",23.93,26.97,"1,129.86","192,260",0.0056120000,OK
APC-312,0512762,BEEHIVE HOSPITALITY ASCENT PC LLC,4080 N COOPER LN #312,"1,677.58",37.21,41.94,"1,756.73","298,928",0.0056120000,OK
APC-313,0512779,BEEHIVE HOSPITALITY ASCENT PC LLC,4080 N COOPER LN #313,"1,677.58",37.21,41.94,"1,756.73","298,928",0.0056120000,OK
APC-314,0512786,BEEHIVE HOSPITALITY ASCENT PC LLC,4080 N COOPER LN #314,"1,677.58",37.21,41.94,"1,756.73","298,928",0.0056120000,OK
APC-316,0512793,BEEHIVE HOSPITALITY ASCENT PC LLC,4080 N COOPER LN #316,"1,386.36",30.75,34.66,"1,451.77","247,035",0.0056120000,OK
APC-318,0512801,BEEHIVE HOSPITALITY ASCENT PC LLC,4080 N COOPER LN #318,"1,386.36",30.75,34.66,"1,451.77","247,035",0.0056120000,OK
APC-320,0512818,BEEHIVE HOSPITALITY ASCENT PC LLC,4080 N COOPER LN #320,"1,386.36",30.75,34.66,"1,451.77","247,035",0.0056120000,OK
APC-322,0512825,BEEHIVE HOSPITALITY ASCENT PC LLC,4080 N COOPER LN #322,"1,386.36",30.75,34.66,"1,451.77","247,035",0.0056120000,OK
APC-326,0512849,BEEHIVE HOSPITALITY ASCENT PC LLC,4080 N COOPER LN #326,"1,386.36",30.75,34.66,"1,451.77","247,035",0.0056120000,OK
APC-328,0512856,BEEHIVE HOSPITALITY ASCENT PC LLC,4080 N COOPER LN #328,"1,386.36",30.75,34.66,"1,451.77","247,035",0.0056120000,OK
APC-330,0512863,BEEHIVE HOSPITALITY ASCENT PC LLC,4080 N COOPER LN #330,"1,386.36",30.75,34.66,"1,451.77","247,035",0.0056120000,OK
APC-332,0512870,BEEHIVE HOSPITALITY ASCENT PC LLC,4080 N COOPER LN #332,"1,078.96",23.93,26.97,"1,129.86","192,260",0.0056120000,OK
APC-334,0512887,BEEHIVE HOSPITALITY ASCENT PC LLC,4080 N COOPER LN #334,"1,078.96",23.93,26.97,"1,129.86","192,260",0.0056120000,OK
APC-335,0512933,BEEHIVE HOSPITALITY ASCENT PC LLC,4080 N COOPER LN #335,"1,078.96",23.93,26.97,"1,129.86","192,260",0.0056120000,OK
APC-337,0512894,BEEHIVE HOSPITALITY ASCENT PC LLC,4080 N COOPER LN #337,"1,078.96",23.93,26.97,"1,129.86","192,260",0.0056120000,OK
APC-339,0512902,BEEHIVE HOSPITALITY ASCENT PC LLC,4080 N COOPER LN #339,"1,677.58",37.21,41.94,"1,756.73","298,928",0.0056120000,OK
APC-341,0512919,BEEHIVE HOSPITALITY ASCENT PC LLC,4080 N COOPER LN #341,"1,177.33",26.12,29.43,"1,232.88","209,788",0.0056120000,OK
APC-343,0512926,BEEHIVE HOSPITALITY ASCENT PC LLC,4080 N COOPER LN #343,"1,386.36",30.75,34.66,"1,451.77","247,035",0.0056120000,OK
APC-344,0512940,BEEHIVE HOSPITALITY ASCENT PC LLC,4080 N COOPER LN #344,"1,078.96",23.93,26.97,"1,129.86","192,260",0.0056120000,OK
APC-345,0512957,BEEHIVE HOSPITALITY ASCENT PC LLC,4080 N COOPER LN #345,"1,386.36",30.75,34.66,"1,451.77","247,035",0.0056120000,OK
APC-346,0512964,BEEHIVE HOSPITALITY ASCENT PC LLC,4080 N COOPER LN #346,"1,078.96",23.93,26.97,"1,129.86","192,260",0.0056120000,OK
APC-347,0512971,BEEHIVE HOSPITALITY ASCENT PC LLC,4080 N COOPER LN #347,"1,386.36",30.75,34.66,"1,451.77","247,035",0.0056120000,OK
APC-348,0512988,BEEHIVE HOSPITALITY ASCENT PC LLC,4080 N COOPER LN #348,"1,386.36",30.75,34.66,"1,451.77","247,035",0.0056120000,OK
APC-349,0512995,BEEHIVE HOSPITALITY ASCENT PC LLC,4080 N COOPER LN #349,"1,386.36",30.75,34.66,"1,451.77","247,035",0.0056120000,OK
APC-350,0513006,BEEHIVE HOSPITALITY ASCENT PC LLC,4080 N COOPER LN #350,"1,386.36",30.75,34.66,"1,451.77","247,035",0.0056120000,OK
APC-351,0513013,BEEHIVE HOSPITALITY ASCENT PC LLC,4080 N COOPER LN #351,"1,386.36",30.75,34.66,"1,451.77","247,035",0.0056120000,OK
APC-352,0513020,BEEHIVE HOSPITALITY ASCENT PC LLC,4080 N COOPER LN #352,"1,177.33",26.12,29.43,"1,232.88","209,788",0.0056120000,OK
APC-353,0513037,BEEHIVE HOSPITALITY ASCENT PC LLC,4080 N COOPER LN #353,"1,386.36",30.75,34.66,"1,451.77","247,035",0.0056120000,OK
APC-354,0513044,BEEHIVE HOSPITALITY ASCENT PC LLC,4080 N COOPER LN #354,"1,677.58",37.21,41.94,"1,756.73","298,928",0.0056120000,OK
APC-356,0513068,BEEHIVE HOSPITALITY ASCENT PC LLC,4080 N COOPER LN #356,"1,677.58",37.21,41.94,"1,756.73","298,928",0.0056120000,OK
APC-324,0512832,BEEHIVE HOSPITALITY ASCENT PC LLC,4080 N COOPER LOOP #324,"1,677.58",37.21,41.94,"1,756.73","298,928",0.0056120000,OK
APC-355,0513051,BEEHIVE HOSPITALITY ASCENT PC LLC,4080 N COOPER LOOP #355,"1,177.33",26.12,29.43,"1,232.88","209,788",0.0056120000,OK
APC-D-1,0511860,BEEHIVE HOSPITALITY ASCENT PC LLC,4080 N COOPER LN #D-1,"1,063.19",23.59,26.58,"1,113.36","189,449",0.0056120000,OK
APC-H-1,0511853,BEEHIVE HOSPITALITY ASCENT PC LLC,4080 N COOPER LN #H-1,"17,149.01",380.36,428.73,"17,958.10","407,387",0.0056120000,OK
